date,open,close,high,low,volume,code
2016-01-04,12.806,11.667,12.874,11.667,81428.0,300137
2016-01-05,10.999,10.9,11.544,10.498,159542.0,300137
2016-01-06,11.012,11.191,11.284,10.77,101193.0,300137
2016-01-07,10.764,10.071,11.055,10.071,33805.0,300137
2016-01-08,10.263,9.88,10.387,9.465,113273.0,300137
2016-01-11,9.589,8.89,9.88,8.89,112611.0,300137
2016-01-12,8.97,9.063,9.199,8.679,125433.0,300137
2016-01-13,9.341,8.97,9.577,8.945,142917.0,300137
2016-01-14,8.661,9.632,9.645,8.587,124722.0,300137
2016-01-15,9.546,9.181,9.626,9.094,111675.0,300137
2016-01-18,9.032,9.434,9.589,8.939,87883.0,300137
2016-01-19,9.453,9.799,9.818,9.255,126560.0,300137
2016-01-20,9.7,9.595,9.991,9.558,128858.0,300137
2016-01-21,9.267,8.989,9.638,8.983,149577.0,300137
2016-01-22,9.156,9.069,9.218,8.673,92893.0,300137
2016-01-25,9.174,9.125,9.292,8.983,83364.0,300137
2016-01-26,9.001,8.216,9.051,8.216,116851.0,300137
2016-01-27,8.216,8.16,8.339,7.64,100862.0,300137
2016-01-28,8.042,7.844,8.191,7.795,67553.0,300137
2016-01-29,7.776,8.197,8.29,7.776,79851.0,300137
2016-02-01,8.042,7.968,8.178,7.807,78472.0,300137
2016-02-02,7.98,8.296,8.37,7.98,100879.0,300137
2016-02-03,8.197,8.321,8.395,8.03,81247.0,300137
2016-02-04,8.29,8.543,8.593,8.277,107643.0,300137
2016-02-05,8.543,8.482,8.754,8.463,82323.0,300137
2016-02-15,8.228,8.519,8.55,8.055,73088.0,300137
2016-02-16,8.537,8.871,8.939,8.525,101717.0,300137
2016-02-17,8.834,9.044,9.082,8.692,113732.0,300137
2016-02-18,9.069,8.871,9.088,8.834,129435.0,300137
2016-02-19,8.939,9.001,9.075,8.84,124292.0,300137
2016-02-22,9.125,9.168,9.181,8.97,153677.0,300137
2016-02-23,9.212,9.137,9.273,8.952,143452.0,300137
2016-02-24,9.082,9.131,9.187,8.772,135838.0,300137
2016-02-25,9.057,8.216,9.391,8.216,237896.0,300137
2016-02-26,8.345,8.277,8.475,8.048,164703.0,300137
2016-02-29,8.277,7.609,8.29,7.473,143121.0,300137
2016-03-01,7.683,7.826,7.993,7.436,119959.0,300137
2016-03-02,7.795,8.296,8.339,7.776,150775.0,300137
2016-03-03,8.259,8.451,8.816,8.178,188835.0,300137
2016-03-04,8.537,8.092,8.778,7.98,186186.0,300137
2016-03-07,8.259,8.277,8.463,8.166,121820.0,300137
2016-03-08,8.216,8.228,8.271,7.628,131050.0,300137
2016-03-09,7.962,7.956,8.228,7.838,84422.0,300137
2016-03-10,7.999,7.795,8.067,7.739,78998.0,300137
2016-03-11,7.609,7.745,7.844,7.554,60907.0,300137
2016-03-14,7.888,8.079,8.197,7.826,112234.0,300137
2016-03-15,8.055,8.011,8.234,7.956,84619.0,300137
2016-03-16,8.135,8.067,8.296,8.042,113650.0,300137
2016-03-17,8.154,8.426,8.482,8.073,153020.0,300137
2016-03-18,8.426,8.754,8.921,8.42,190463.0,300137
2016-03-21,8.908,8.927,9.051,8.778,157705.0,300137
2016-03-22,8.859,8.847,8.952,8.797,122385.0,300137
2016-03-23,8.816,8.915,8.921,8.735,112032.0,300137
2016-03-24,8.89,8.803,9.088,8.735,168142.0,300137
2016-03-25,8.723,8.785,8.834,8.673,92887.0,300137
2016-03-28,8.865,8.655,9.026,8.63,89262.0,300137
2016-03-29,8.599,8.364,8.673,8.24,99456.0,300137
2016-03-30,8.463,8.723,8.735,8.413,117187.0,300137
2016-03-31,8.772,8.704,8.871,8.679,119973.0,300137
2016-04-01,8.636,8.525,8.642,8.358,113648.0,300137
2016-04-05,8.537,8.853,8.871,8.488,115339.0,300137
2016-04-06,8.797,8.952,9.069,8.797,140887.0,300137
2016-04-07,8.964,8.921,9.15,8.847,172189.0,300137
2016-04-08,8.871,9.125,9.15,8.772,147771.0,300137
2016-04-11,9.156,9.428,9.546,9.125,222701.0,300137
2016-04-12,9.422,9.181,9.422,9.032,143092.0,300137
2016-04-13,9.23,9.199,9.434,9.156,174141.0,300137
2016-04-14,9.242,9.317,9.366,9.075,152846.0,300137
2016-04-15,9.298,9.261,9.298,9.131,97295.0,300137
2016-04-18,9.174,9.026,9.236,8.983,77939.0,300137
2016-04-19,9.094,9.286,9.341,9.044,124946.0,300137
2016-04-20,9.298,8.661,9.317,8.42,166725.0,300137
2016-04-21,8.655,8.469,8.766,8.438,72559.0,300137
2016-04-22,8.432,8.562,8.562,8.413,48813.0,300137
2016-04-25,8.562,8.389,8.562,8.172,68566.0,300137
2016-04-26,8.352,8.519,8.525,8.321,46172.0,300137
2016-04-27,8.475,8.463,8.568,8.432,45216.0,300137
2016-04-28,8.463,8.401,8.5,8.228,49090.0,300137
2016-04-29,8.333,8.333,8.413,8.327,34596.0,300137
2016-05-03,8.358,8.816,8.816,8.358,94580.0,300137
2016-05-04,8.754,8.834,8.915,8.729,95786.0,300137
2016-05-05,8.76,8.945,8.964,8.71,84146.0,300137
2016-05-06,8.921,8.463,8.952,8.432,95216.0,300137
2016-05-09,8.364,8.005,8.383,7.925,84958.0,300137
2016-05-10,8.036,8.048,8.141,7.98,40222.0,300137
2016-05-11,8.11,8.005,8.117,7.98,34167.0,300137
2016-05-12,7.9,8.048,8.055,7.745,36368.0,300137
2016-05-13,7.98,8.154,8.321,7.98,59419.0,300137
2016-05-16,8.104,8.228,8.246,8.042,32000.0,300137
2016-05-17,8.234,8.172,8.271,8.061,52289.0,300137
2016-05-18,8.073,7.894,8.098,7.813,45404.0,300137
2016-05-19,7.894,7.925,8.073,7.857,36798.0,300137
2016-05-20,7.857,8.03,8.03,7.795,33928.0,300137
2016-05-23,8.036,8.135,8.16,8.036,43319.0,300137
2016-05-24,8.141,7.98,8.141,7.937,32356.0,300137
2016-05-25,8.042,7.98,8.11,7.974,30929.0,300137
2016-05-26,7.937,8.011,8.024,7.782,39683.0,300137
2016-05-27,7.974,8.011,8.067,7.956,30805.0,300137
2016-05-30,7.949,7.949,8.024,7.838,22814.0,300137
2016-05-31,7.974,8.302,8.321,7.968,94034.0,300137
2016-06-01,8.339,8.314,8.438,8.277,65549.0,300137
2016-06-02,8.321,8.401,8.413,8.277,62256.0,300137
2016-06-03,8.543,8.655,8.785,8.543,132806.0,300137
2016-06-06,8.698,8.673,8.754,8.556,66517.0,300137
2016-06-07,8.679,8.624,8.692,8.581,37252.0,300137
2016-06-08,8.655,8.797,8.89,8.593,90081.0,300137
2016-06-13,8.642,8.154,8.704,8.154,86525.0,300137
2016-06-14,8.117,8.302,8.302,8.098,51204.0,300137
2016-06-15,8.197,8.655,8.692,8.135,73892.0,300137
2016-06-16,8.599,8.698,8.803,8.599,92097.0,300137
2016-06-17,8.735,8.921,8.964,8.735,114525.0,300137
2016-06-20,8.847,8.797,8.89,8.673,68125.0,300137
2016-06-21,8.884,8.655,8.983,8.599,66505.0,300137
2016-06-22,8.661,8.964,8.97,8.605,69135.0,300137
2016-06-23,9.23,9.236,9.632,9.094,223645.0,300137
2016-06-24,9.236,9.156,9.348,8.568,200576.0,300137
2016-06-27,8.97,9.341,9.453,8.958,131326.0,300137
2016-06-28,9.31,9.447,9.534,9.105,122050.0,300137
2016-06-29,9.447,9.223,9.521,9.18,120062.0,300137
2016-06-30,9.236,9.18,9.31,9.05,102051.0,300137
2016-07-01,9.186,9.13,9.248,9.093,64306.0,300137
2016-07-04,9.105,9.279,9.391,9.068,119342.0,300137
2016-07-05,9.335,9.18,9.354,9.118,91964.0,300137
2016-07-06,9.149,9.099,9.217,9.037,92157.0,300137
2016-07-07,9.105,9.155,9.217,9.0,95704.0,300137
2016-07-08,9.124,9.13,9.174,9.043,61187.0,300137
2016-07-11,9.118,9.043,9.236,9.043,76541.0,300137
2016-07-12,9.025,9.081,9.093,8.783,87783.0,300137
2016-07-13,9.081,9.205,9.292,9.031,94901.0,300137
2016-07-14,9.174,9.292,9.304,9.155,87211.0,300137
2016-07-15,9.279,9.161,9.279,9.124,71382.0,300137
2016-07-18,9.161,9.186,9.23,9.081,60922.0,300137
2016-07-19,9.186,9.186,9.205,9.037,53519.0,300137
2016-07-20,9.261,9.372,9.528,9.223,166289.0,300137
2016-07-21,9.323,9.261,9.403,9.248,88544.0,300137
2016-07-22,9.254,9.149,9.329,9.099,71845.0,300137
2016-07-25,9.161,9.385,9.416,9.161,132938.0,300137
2016-07-26,9.385,9.708,9.708,9.385,176339.0,300137
2016-07-27,9.714,9.205,9.745,9.068,196898.0,300137
2016-07-28,9.174,9.124,9.242,8.863,109355.0,300137
2016-07-29,9.13,9.081,9.155,8.969,53242.0,300137
2016-08-01,8.994,8.907,9.05,8.752,54212.0,300137
2016-08-02,8.907,8.969,9.05,8.801,35614.0,300137
2016-08-03,8.938,8.882,8.994,8.87,46721.0,300137
2016-08-04,8.901,8.913,8.938,8.832,39658.0,300137
2016-08-05,8.925,8.888,8.932,8.82,40597.0,300137
2016-08-08,8.87,8.969,8.969,8.795,31487.0,300137
2016-08-09,8.938,9.081,9.105,8.938,47399.0,300137
2016-08-10,9.093,9.118,9.273,9.012,79586.0,300137
2016-08-11,9.093,8.801,9.112,8.801,71660.0,300137
2016-08-12,8.808,8.888,8.888,8.77,41257.0,300137
2016-08-15,8.882,9.037,9.112,8.839,85294.0,300137
2016-08-16,9.062,9.031,9.087,8.963,88964.0,300137
2016-08-17,9.0,9.199,9.217,8.882,127717.0,300137
2016-08-18,9.168,9.124,9.18,9.093,73468.0,300137
2016-08-19,9.099,9.596,9.676,9.025,268503.0,300137
2016-08-22,9.745,9.428,9.794,9.403,284497.0,300137
2016-08-23,9.372,9.372,9.528,9.248,113427.0,300137
2016-08-24,9.41,9.391,9.528,9.31,98996.0,300137
2016-08-25,9.242,9.124,9.242,9.025,119856.0,300137
2016-08-26,9.217,9.23,9.341,9.149,99517.0,300137
2016-08-29,9.304,9.869,10.154,9.254,384230.0,300137
2016-08-30,10.117,9.956,10.378,9.881,438690.0,300137
2016-08-31,9.85,9.832,10.024,9.726,205737.0,300137
2016-09-01,9.931,9.962,10.403,9.925,342443.0,300137
2016-09-02,9.819,9.925,10.117,9.732,194365.0,300137
2016-09-05,10.055,10.229,10.545,9.981,339866.0,300137
2016-09-06,10.179,10.856,11.11,10.105,446064.0,300137
2016-09-07,10.713,10.62,11.166,10.601,433793.0,300137
2016-09-08,10.645,10.837,10.843,10.459,250645.0,300137
2016-09-09,10.769,10.384,11.141,10.378,304317.0,300137
2016-09-12,10.123,10.03,10.31,9.974,226974.0,300137
2016-09-13,10.185,9.968,10.229,9.85,193700.0,300137
2016-09-14,9.869,9.881,10.03,9.763,142798.0,300137
2016-09-19,9.9,9.987,9.993,9.881,110445.0,300137
2016-09-20,9.987,10.043,10.185,9.968,159197.0,300137
2016-09-21,9.993,9.813,9.999,9.776,144341.0,300137
2016-09-22,9.925,10.136,10.341,9.869,213903.0,300137
2016-09-23,10.142,10.229,10.39,10.117,235795.0,300137
2016-09-26,10.248,9.844,10.279,9.819,143895.0,300137
2016-09-27,9.745,9.801,9.813,9.496,141172.0,300137
2016-09-28,9.732,9.695,9.77,9.645,67256.0,300137
2016-09-29,9.695,9.695,9.788,9.658,59061.0,300137
2016-09-30,9.701,9.776,9.782,9.676,59393.0,300137
2016-10-10,9.832,10.117,10.117,9.832,107416.0,300137
2016-10-11,10.086,10.061,10.142,9.981,89178.0,300137
2016-10-12,10.018,10.024,10.08,9.956,87238.0,300137
2016-10-13,10.043,10.266,10.322,10.036,183843.0,300137
2016-10-14,10.254,10.248,10.39,10.099,137155.0,300137
2016-10-17,10.334,9.95,10.378,9.919,133628.0,300137
2016-10-18,9.9,10.179,10.192,9.9,111526.0,300137
2016-10-19,10.254,10.123,10.279,10.068,92256.0,300137
2016-10-20,10.13,10.508,10.527,10.099,232441.0,300137
2016-10-21,10.428,10.359,10.508,10.192,157538.0,300137
2016-10-24,10.415,10.396,10.446,10.229,123381.0,300137
2016-10-25,10.334,10.316,10.428,10.254,98056.0,300137
2016-10-26,10.322,10.341,10.601,10.303,162542.0,300137
2016-10-27,10.341,10.192,10.353,10.123,107666.0,300137
2016-10-28,10.154,9.931,10.223,9.906,115564.0,300137
2016-10-31,9.825,9.801,9.869,9.664,90823.0,300137
2016-11-01,9.819,9.931,9.987,9.782,78570.0,300137
2016-11-02,9.869,9.689,9.894,9.689,91049.0,300137
2016-11-03,9.67,9.751,9.856,9.67,70798.0,300137
2016-11-04,9.72,9.85,9.881,9.714,81339.0,300137
2016-11-07,10.005,9.931,10.105,9.9,140696.0,300137
2016-11-08,9.962,9.9,9.968,9.838,72282.0,300137
2016-11-09,9.9,9.714,9.925,9.577,104804.0,300137
2016-11-10,9.807,9.925,9.974,9.776,93613.0,300137
2016-11-11,9.925,9.968,9.981,9.813,75257.0,300137
2016-11-14,9.987,9.999,10.074,9.943,89420.0,300137
2016-11-15,9.999,10.024,10.036,9.9,79154.0,300137
2016-11-16,10.024,10.13,10.216,10.005,143794.0,300137
2016-11-17,10.148,9.993,10.148,9.956,89701.0,300137
2016-11-18,9.993,9.95,10.117,9.931,70082.0,300137
2016-11-21,9.962,9.825,9.962,9.807,86825.0,300137
2016-11-22,9.85,9.919,9.919,9.807,64753.0,300137
2016-11-23,9.925,9.794,9.943,9.788,71583.0,300137
2016-11-24,9.788,9.739,9.856,9.714,57372.0,300137
2016-11-25,9.732,9.825,9.825,9.608,58655.0,300137
2016-11-28,9.832,9.813,9.856,9.776,51585.0,300137
2016-11-29,9.813,9.683,9.838,9.683,57861.0,300137
2016-11-30,9.683,9.683,9.794,9.621,57642.0,300137
2016-12-01,9.708,9.72,9.77,9.67,35673.0,300137
2016-12-02,9.714,9.36,9.72,9.36,79082.0,300137
2016-12-05,9.236,9.273,9.428,9.161,42041.0,300137
2016-12-06,9.36,9.292,9.416,9.267,26811.0,300137
2016-12-07,9.316,9.428,9.465,9.273,35944.0,300137
2016-12-08,9.453,9.323,9.459,9.261,43939.0,300137
2016-12-09,9.298,9.31,9.354,9.23,34977.0,300137
2016-12-12,9.354,8.745,9.354,8.634,85212.0,300137
2016-12-13,8.696,8.789,8.82,8.628,36608.0,300137
2016-12-14,8.752,8.69,8.783,8.634,32941.0,300137
2016-12-15,8.683,8.795,8.832,8.683,44881.0,300137
2016-12-16,8.845,9.019,9.031,8.845,66868.0,300137
2016-12-19,9.025,8.944,9.124,8.894,45507.0,300137
2016-12-20,9.031,9.13,9.211,8.988,76752.0,300137
2016-12-21,9.155,9.13,9.236,9.068,76290.0,300137
2016-12-22,9.13,9.05,9.136,8.938,50690.0,300137
2016-12-23,9.019,8.981,9.025,8.87,37563.0,300137
2016-12-26,9.05,9.18,9.217,9.012,77542.0,300137
2016-12-27,9.124,9.168,9.174,9.087,42909.0,300137
2016-12-28,9.161,9.118,9.168,9.019,31691.0,300137
2016-12-29,9.068,9.124,9.223,9.068,33915.0,300137
2016-12-30,9.149,9.062,9.161,8.969,35673.0,300137
2017-01-03,9.056,9.186,9.186,9.056,32154.0,300137
2017-01-04,9.199,9.292,9.316,9.155,56533.0,300137
2017-01-05,9.31,9.465,9.546,9.192,76186.0,300137
2017-01-06,9.894,9.739,10.055,9.67,225613.0,300137
2017-01-09,9.776,9.546,9.776,9.447,162472.0,300137
2017-01-10,9.503,9.422,9.608,9.385,72251.0,300137
2017-01-11,9.428,9.416,9.577,9.341,67294.0,300137
2017-01-12,9.515,9.304,9.528,9.192,55445.0,300137
2017-01-13,9.348,8.944,9.366,8.888,70766.0,300137
2017-01-16,8.975,8.845,9.05,8.379,69241.0,300137
2017-01-17,8.758,8.969,8.975,8.59,45685.0,300137
2017-01-18,8.894,8.863,8.969,8.776,31276.0,300137
2017-01-19,8.814,8.956,9.236,8.727,46334.0,300137
2017-01-20,8.876,9.037,9.087,8.857,40908.0,300137
2017-01-23,9.025,9.068,9.174,9.025,33045.0,300137
2017-01-24,9.087,8.95,9.087,8.95,28686.0,300137
2017-01-25,8.95,8.956,9.025,8.882,21684.0,300137
2017-01-26,9.012,9.087,9.118,8.981,26296.0,300137
2017-02-03,9.099,8.988,9.099,8.938,19449.0,300137
2017-02-06,8.975,9.161,9.205,8.975,37672.0,300137
2017-02-07,9.124,9.13,9.186,9.05,27635.0,300137
2017-02-08,9.13,9.211,9.217,9.019,43868.0,300137
2017-02-09,9.217,9.391,9.509,9.186,115595.0,300137
2017-02-10,9.341,9.354,9.434,9.279,72450.0,300137
2017-02-13,9.341,9.422,9.472,9.329,48437.0,300137
2017-02-14,9.422,9.565,9.59,9.385,93402.0,300137
2017-02-15,9.683,9.441,9.906,9.428,133608.0,300137
2017-02-16,9.372,9.49,9.664,9.354,101651.0,300137
2017-02-17,9.434,9.689,9.807,9.434,115147.0,300137
2017-02-20,9.714,9.912,10.148,9.701,246288.0,300137
2017-02-21,9.819,9.962,10.005,9.819,105835.0,300137
2017-02-22,9.931,10.03,10.117,9.869,106209.0,300137
2017-02-23,10.036,9.869,10.074,9.844,88551.0,300137
2017-02-24,9.875,9.85,9.906,9.745,106830.0,300137
2017-02-27,9.856,9.745,10.018,9.739,134906.0,300137
2017-02-28,9.751,9.763,9.856,9.676,73966.0,300137
2017-03-01,9.751,9.906,9.931,9.67,80246.0,300137
2017-03-02,9.869,9.676,9.906,9.645,79940.0,300137
2017-03-03,9.639,9.838,9.85,9.627,73528.0,300137
2017-03-06,9.856,9.888,9.968,9.813,91372.0,300137
2017-03-07,9.9,9.763,9.919,9.676,118102.0,300137
2017-03-08,9.757,9.658,9.763,9.627,70881.0,300137
2017-03-09,9.652,9.596,9.714,9.596,64362.0,300137
2017-03-10,9.59,9.565,9.652,9.54,47259.0,300137
2017-03-13,9.552,9.639,9.664,9.441,59525.0,300137
2017-03-14,9.621,9.645,9.757,9.621,59628.0,300137
2017-03-15,9.645,9.875,9.9,9.621,127973.0,300137
2017-03-16,9.881,9.931,9.987,9.801,111045.0,300137
2017-03-17,9.931,9.825,9.95,9.813,72969.0,300137
2017-03-20,9.807,9.714,9.856,9.664,56359.0,300137
2017-03-21,9.714,9.85,9.85,9.67,54248.0,300137
2017-03-22,9.794,9.757,9.894,9.689,54397.0,300137
2017-03-23,9.751,9.751,9.807,9.608,51528.0,300137
2017-03-24,9.708,9.683,9.714,9.602,44153.0,300137
2017-03-27,9.683,9.813,9.838,9.658,47570.0,300137
2017-03-28,9.813,9.912,10.055,9.801,175727.0,300137
2017-03-29,9.85,9.714,9.906,9.658,101443.0,300137
2017-03-30,9.67,9.583,9.739,9.546,61447.0,300137
2017-03-31,9.546,9.59,9.633,9.478,34576.0,300137
2017-04-05,10.552,10.552,10.552,10.552,28453.0,300137
2017-04-06,11.607,11.607,11.607,11.607,18788.0,300137
2017-04-07,12.767,12.767,12.767,12.767,43991.0,300137
2017-04-10,14.046,14.046,14.046,14.046,12633.0,300137
2017-04-11,15.449,15.449,15.449,15.449,14548.0,300137
2017-04-12,16.994,16.994,16.994,16.994,29390.0,300137
2017-04-17,18.695,18.695,18.695,18.658,1698213.0,300137
2017-04-18,19.055,19.241,20.563,18.577,1720049.0,300137
2017-04-19,18.621,19.421,20.563,17.857,1353470.0,300137
2017-04-20,19.03,18.056,19.738,17.596,1163515.0,300137
2017-04-21,17.627,16.827,18.496,16.43,993707.0,300137
2017-04-24,17.584,17.845,18.509,17.199,1082426.0,300137
2017-04-25,17.503,18.869,19.632,17.224,1534859.0,300137
2017-04-26,18.434,20.756,20.756,18.416,1508800.0,300137
2017-04-27,21.103,19.471,22.27,19.309,1757898.0,300137
2017-04-28,19.117,20.042,20.464,18.949,1069578.0,300137
2017-05-02,19.98,22.047,22.047,19.247,1133107.0,300137
2017-05-03,22.034,22.14,23.319,20.874,1450429.0,300137
2017-05-04,21.289,21.327,23.797,21.153,1330718.0,300137
2017-05-05,20.687,20.203,21.308,20.104,758958.0,300137
2017-05-08,20.607,19.365,20.843,18.993,745000.0,300137
2017-05-09,19.341,19.998,20.185,19.03,743881.0,300137
2017-05-10,19.738,18.496,19.986,18.0,912224.0,300137
2017-05-11,18.434,19.098,19.384,17.603,854526.0,300137
2017-05-12,18.801,19.769,20.749,18.552,1096866.0,300137
2017-05-15,19.502,19.477,20.346,19.241,864363.0,300137
2017-05-16,18.943,21.426,21.426,18.776,1385846.0,300137
2017-05-17,21.296,21.041,21.674,20.669,1082704.0,300137
2017-05-18,20.656,19.005,21.383,18.943,921015.0,300137
2017-05-19,19.08,19.179,19.483,18.298,688623.0,300137
2017-05-22,18.9,18.105,19.161,18.018,444268.0,300137
2017-05-23,18.012,16.833,18.341,16.634,590602.0,300137
2017-05-24,16.833,17.243,17.336,16.523,397084.0,300137
2017-05-25,17.032,17.05,17.379,15.908,583247.0,300137
2017-05-26,16.976,16.547,17.547,16.498,448590.0,300137
2017-05-31,16.79,17.013,17.311,16.436,470130.0,300137
2017-06-01,16.727,15.312,16.808,15.312,477604.0,300137
2017-06-02,15.449,16.057,16.591,15.337,591583.0,300137
2017-06-05,15.815,16.032,16.566,15.815,463464.0,300137
2017-06-06,16.225,16.454,16.727,15.883,600909.0,300137
2017-06-07,16.324,16.957,17.094,16.268,682632.0,300137
2017-06-08,16.758,16.498,17.05,16.461,445890.0,300137
2017-06-09,16.417,16.367,16.684,15.846,397708.0,300137
2017-06-12,16.25,16.398,16.727,16.02,384632.0,300137
2017-06-13,16.262,16.535,16.87,16.206,326277.0,300137
2017-06-14,16.597,16.51,16.87,16.454,396359.0,300137
2017-06-15,16.392,16.43,16.616,16.281,295026.0,300137
2017-06-16,16.603,17.063,17.609,16.566,711767.0,300137
2017-06-19,17.063,16.771,17.063,16.641,332043.0,300137
2017-06-20,16.864,17.218,17.596,16.852,576460.0,300137
2017-06-21,17.056,17.354,17.441,16.951,390640.0,300137
2017-06-22,17.416,16.169,17.528,16.107,444068.0,300137
2017-06-23,15.958,15.418,16.032,15.014,469248.0,300137
2017-06-26,15.343,15.418,15.436,14.81,290262.0,300137
2017-06-27,15.275,15.188,15.685,15.182,270094.0,300137
2017-06-28,15.083,14.903,15.083,14.636,278467.0,300137
2017-06-29,14.896,14.996,15.232,14.81,258073.0,300137
2017-06-30,14.896,14.772,14.99,14.71,173784.0,300137
2017-07-03,14.828,14.959,15.115,14.785,165603.0,300137
2017-07-04,15.034,15.078,15.258,14.978,206173.0,300137
2017-07-05,15.028,15.234,15.234,14.835,214122.0,300137
2017-07-06,15.177,15.071,15.539,15.034,246056.0,300137
2017-07-07,14.953,14.679,15.215,14.654,269053.0,300137
2017-07-10,14.616,14.467,14.673,14.161,259704.0,300137
2017-07-11,14.405,13.844,14.579,13.787,242693.0,300137
2017-07-12,13.812,14.299,14.311,13.413,365396.0,300137
2017-07-13,14.087,13.893,14.18,13.8,193252.0,300137
2017-07-14,14.031,13.95,14.299,13.868,196602.0,300137
2017-07-17,13.875,12.553,13.875,12.553,314279.0,300137
2017-07-18,12.186,12.503,12.759,12.154,216591.0,300137
2017-07-19,12.547,12.684,12.703,12.279,202567.0,300137
2017-07-20,12.616,12.578,12.921,12.516,208674.0,300137
2017-07-21,12.46,12.734,13.208,12.354,321147.0,300137
2017-07-24,12.765,13.794,14.006,12.653,628126.0,300137
2017-07-25,13.588,13.544,13.819,13.357,347936.0,300137
2017-07-26,13.544,13.632,13.738,13.389,281583.0,300137
2017-07-27,13.638,13.825,14.037,13.513,359885.0,300137
2017-07-28,13.763,13.351,13.769,13.283,285339.0,300137
2017-07-31,13.214,13.382,13.632,13.139,180793.0,300137
2017-08-01,13.532,14.149,14.71,13.463,548458.0,300137
2017-08-02,14.155,14.797,15.209,14.043,630532.0,300137
2017-08-03,14.71,14.592,15.489,14.554,542765.0,300137
2017-08-04,14.679,14.28,14.797,14.267,324750.0,300137
2017-08-07,14.218,15.096,15.396,14.211,430382.0,300137
2017-08-08,15.645,15.028,15.738,15.009,438946.0,300137
2017-08-09,14.897,15.252,15.508,14.847,385578.0,300137
2017-08-10,14.373,13.806,14.517,13.725,631708.0,300137
2017-08-11,13.775,14.055,14.28,13.657,342644.0,300137
2017-08-14,14.386,14.616,14.754,14.155,349386.0,300137
2017-08-15,14.697,14.504,14.772,14.417,246486.0,300137
2017-08-16,14.448,14.953,15.583,14.429,468932.0,300137
2017-08-17,14.697,15.184,15.234,14.697,384010.0,300137
2017-08-18,15.271,15.551,16.144,15.177,603324.0,300137
2017-08-21,15.583,15.738,15.819,15.165,326300.0,300137
2017-08-22,15.738,15.265,15.876,15.196,329796.0,300137
2017-08-23,15.165,15.296,15.807,15.096,316457.0,300137
2017-08-24,15.452,15.682,15.944,15.209,403355.0,300137
2017-08-25,15.689,15.701,15.745,15.339,313013.0,300137
2017-08-28,15.583,15.713,15.813,15.433,331187.0,300137
2017-08-29,15.589,15.794,15.857,15.551,322176.0,300137
2017-08-30,15.975,16.069,16.505,15.975,505240.0,300137
2017-08-31,15.863,16.056,16.075,15.657,360961.0,300137
2017-09-01,16.43,16.605,17.533,16.168,588182.0,300137
2017-09-04,16.399,17.883,18.063,16.399,706636.0,300137
2017-09-05,17.639,17.639,17.814,17.334,474046.0,300137
2017-09-06,17.627,17.509,17.845,17.39,341254.0,300137
2017-09-07,17.552,17.047,17.783,16.96,476088.0,300137
2017-09-08,17.054,16.96,17.39,16.867,283145.0,300137
2017-09-11,16.966,17.072,17.11,16.63,221616.0,300137
2017-09-12,17.072,16.81,17.428,16.736,319435.0,300137
2017-09-13,16.661,16.923,17.135,16.518,189547.0,300137
2017-09-14,16.973,16.904,17.047,16.767,182259.0,300137
2017-09-15,16.898,17.004,17.128,16.779,207234.0,300137
2017-09-18,16.96,16.692,17.078,16.555,184158.0,300137
2017-09-19,16.804,17.297,17.359,16.611,328278.0,300137
2017-09-20,17.247,17.403,17.677,17.06,340904.0,300137
2017-09-21,17.315,16.723,17.44,16.704,221705.0,300137
2017-09-22,16.611,15.763,16.611,15.595,311301.0,300137
2017-09-25,15.776,15.713,16.125,15.664,135142.0,300137
2017-09-26,15.738,15.713,15.819,15.283,137625.0,300137
2017-09-27,15.732,15.751,15.844,15.62,104054.0,300137
2017-09-28,15.832,15.614,16.038,15.601,127884.0,300137
2017-09-29,15.745,16.218,16.268,15.639,179063.0,300137
2017-10-09,16.455,16.281,16.505,16.031,141233.0,300137
2017-10-10,16.206,16.281,16.43,16.069,106238.0,300137
2017-10-11,16.212,15.682,16.281,15.676,167114.0,300137
2017-10-12,15.763,15.682,15.994,15.607,105112.0,300137
2017-10-13,15.62,16.779,17.066,15.62,414760.0,300137
2017-10-16,16.692,16.168,16.729,16.025,293158.0,300137
2017-10-17,16.144,15.876,16.144,15.838,122770.0,300137
2017-10-18,15.957,16.019,16.642,15.9,227812.0,300137
2017-10-19,15.894,16.038,16.393,15.52,199977.0,300137
2017-10-20,15.832,16.006,16.062,15.776,107792.0,300137
2017-10-23,15.957,16.405,16.698,15.957,248325.0,300137
2017-10-24,16.337,16.212,16.461,15.894,160568.0,300137
2017-10-25,16.281,16.262,16.63,16.206,187920.0,300137
2017-10-26,16.175,16.112,16.175,15.925,136905.0,300137
2017-10-27,16.119,15.894,16.249,15.869,121360.0,300137
2017-10-30,15.9,14.71,16.05,14.51,247209.0,300137
2017-10-31,14.654,14.797,14.903,14.529,121844.0,300137
2017-11-01,14.928,14.635,14.934,14.585,104689.0,300137
2017-11-02,14.772,14.648,14.866,14.417,124818.0,300137
2017-11-03,14.567,14.255,14.629,13.937,155568.0,300137
2017-11-06,14.255,14.348,14.442,14.08,88981.0,300137
2017-11-07,14.342,14.317,14.429,14.124,98955.0,300137
2017-11-08,14.33,14.38,14.486,14.274,101169.0,300137
2017-11-09,14.342,14.448,14.56,14.286,95223.0,300137
2017-11-10,14.479,14.199,14.548,14.161,107079.0,300137
2017-11-13,14.224,13.937,14.28,13.9,124232.0,300137
2017-11-14,14.049,14.236,14.423,13.968,151006.0,300137
2017-11-15,14.149,14.024,14.392,13.981,99691.0,300137
2017-11-16,13.937,13.594,14.055,13.588,126693.0,300137
2017-11-17,13.7,12.722,13.713,12.609,160723.0,300137
2017-11-20,12.684,12.715,12.771,12.292,98070.0,300137
2017-11-21,12.778,12.784,13.008,12.628,93622.0,300137
2017-11-22,12.99,12.865,13.015,12.715,95365.0,300137
2017-11-23,12.828,12.666,13.127,12.535,144565.0,300137
2017-11-24,12.591,12.778,13.083,12.578,94321.0,300137
2017-11-27,12.846,13.208,13.501,12.846,204156.0,300137
2017-11-28,13.189,13.339,13.389,13.033,143894.0,300137
2017-11-29,13.401,13.401,13.644,13.283,152896.0,300137
2017-11-30,13.152,12.921,13.177,12.915,122840.0,300137
2017-12-01,12.884,12.952,13.064,12.828,58106.0,300137
2017-12-04,12.902,12.472,12.934,12.472,95879.0,300137
2017-12-05,12.497,12.223,12.622,12.204,93999.0,300137
2017-12-06,12.273,12.447,12.528,12.161,84140.0,300137
2017-12-07,12.485,12.379,12.56,12.36,62081.0,300137
2017-12-08,12.404,12.828,13.401,12.391,140068.0,300137
2017-12-11,12.778,12.846,12.871,12.678,92104.0,300137
2017-12-12,12.803,12.591,12.996,12.572,78604.0,300137
2017-12-13,12.566,12.784,12.865,12.528,81744.0,300137
2017-12-14,12.778,12.79,12.846,12.659,60238.0,300137
2017-12-15,12.747,12.996,13.077,12.653,150201.0,300137
2017-12-18,13.089,13.008,13.301,12.915,139704.0,300137
2017-12-19,12.952,13.083,13.145,12.946,84509.0,300137
2017-12-20,13.052,12.672,13.145,12.641,100170.0,300137
2017-12-21,12.678,12.765,12.99,12.653,91693.0,300137
2017-12-22,12.884,12.902,13.002,12.684,83493.0,300137
2017-12-25,12.834,12.472,12.89,12.416,95120.0,300137
2017-12-26,12.479,12.703,12.703,12.466,66495.0,300137
2017-12-27,12.771,12.952,13.064,12.609,164377.0,300137
2017-12-28,12.902,12.902,13.071,12.846,125174.0,300137
2017-12-29,13.002,13.046,13.127,12.909,108413.0,300137
2018-01-02,13.077,13.17,13.27,12.958,115846.0,300137
2018-01-03,13.544,14.411,14.486,13.289,563707.0,300137
2018-01-04,14.193,13.8,14.348,13.781,394430.0,300137
2018-01-05,13.65,13.501,13.912,13.482,204253.0,300137
2018-01-08,14.024,13.719,14.062,13.65,179018.0,300137
2018-01-09,13.831,13.644,13.981,13.6,132788.0,300137
2018-01-10,13.775,13.507,13.775,13.326,112815.0,300137
2018-01-11,13.588,13.713,13.887,13.544,129217.0,300137
2018-01-12,13.781,13.756,13.912,13.557,134991.0,300137
2018-01-15,13.8,13.775,13.962,13.47,191329.0,300137
2018-01-16,13.775,13.7,13.912,13.494,135942.0,300137
2018-01-17,13.619,13.681,13.713,13.202,155989.0,300137
2018-01-18,13.588,13.513,13.632,13.47,78027.0,300137
2018-01-19,13.438,13.283,13.607,13.283,94602.0,300137
2018-01-22,13.276,13.538,13.638,13.195,114512.0,300137
2018-01-23,13.569,13.401,13.569,13.339,78271.0,300137
2018-01-24,13.42,13.519,13.638,13.226,127725.0,300137
2018-01-25,13.451,13.551,13.787,13.413,148073.0,300137
2018-01-26,13.551,13.482,13.7,13.407,97536.0,300137
2018-01-29,13.482,12.56,13.501,12.472,182474.0,300137
2018-01-30,12.597,12.547,12.647,12.416,78690.0,300137
2018-01-31,12.535,11.837,12.535,11.78,146544.0,300137
2018-02-01,11.967,11.6,12.061,11.556,97426.0,300137
2018-02-02,11.581,11.251,11.581,10.615,103483.0,300137
2018-02-05,11.145,11.344,11.562,10.97,61367.0,300137
2018-02-06,11.095,10.235,11.282,10.21,108589.0,300137
2018-02-07,10.546,10.372,10.646,10.01,83897.0,300137
2018-02-08,10.403,10.565,10.658,10.347,76482.0,300137
2018-02-09,10.222,10.172,10.384,9.879,89796.0,300137
2018-02-12,10.44,10.422,10.459,10.291,58218.0,300137
2018-02-13,10.49,10.459,10.777,10.453,72086.0,300137
2018-02-14,10.453,10.49,10.596,10.353,40438.0,300137
2018-02-22,10.609,11.132,11.282,10.528,139962.0,300137
2018-02-23,11.438,11.251,11.812,11.238,210513.0,300137
2018-02-26,11.388,11.544,11.562,11.113,139156.0,300137
2018-02-27,11.706,11.606,11.843,11.494,146730.0,300137
2018-02-28,11.469,11.718,11.955,11.406,149060.0,300137
2018-03-01,11.581,11.743,11.83,11.544,104634.0,300137
2018-03-02,11.674,11.942,12.048,11.625,142435.0,300137
2018-03-05,11.93,11.955,12.017,11.78,101580.0,300137
2018-03-06,11.999,12.011,12.254,11.855,132013.0,300137
2018-03-07,11.911,11.749,11.992,11.724,103103.0,300137
2018-03-08,11.731,12.578,12.89,11.731,272127.0,300137
2018-03-09,12.603,12.466,12.859,12.341,259999.0,300137
2018-03-12,12.46,12.491,12.541,12.348,145804.0,300137
2018-03-13,12.528,12.304,12.634,12.292,122231.0,300137
2018-03-14,12.179,12.192,12.36,12.123,81860.0,300137
2018-03-15,12.204,12.098,12.547,12.024,112134.0,300137
2018-03-16,12.03,12.048,12.204,11.967,69767.0,300137
2018-03-19,12.173,12.329,12.528,12.092,134285.0,300137
2018-03-20,12.186,12.105,12.329,11.843,127256.0,300137
2018-03-21,12.111,11.899,12.26,11.886,82732.0,300137
2018-03-22,11.905,11.712,12.005,11.706,75815.0,300137
2018-03-23,11.188,10.584,11.332,10.577,140341.0,300137
2018-03-26,10.341,10.914,10.964,10.334,102854.0,300137
2018-03-27,11.257,11.338,11.494,11.076,118298.0,300137
2018-03-28,11.151,11.899,12.217,11.045,235662.0,300137
2018-03-29,11.936,11.924,12.142,11.668,140713.0,300137
2018-03-30,12.024,12.229,12.248,11.967,166857.0,300137
2018-04-02,12.285,12.117,12.348,12.098,137426.0,300137
2018-04-03,11.942,12.067,12.385,11.868,146071.0,300137
2018-04-04,12.267,11.974,12.316,11.967,90584.0,300137
2018-04-09,11.805,11.706,11.936,11.575,96152.0,300137
2018-04-10,11.799,11.712,11.936,11.593,81363.0,300137
2018-04-11,11.737,11.687,11.793,11.606,78857.0,300137
2018-04-12,11.668,11.269,11.668,11.244,105422.0,300137
2018-04-13,11.363,11.332,11.431,11.238,49301.0,300137
2018-04-16,11.344,11.188,11.388,11.107,62442.0,300137
2018-04-17,11.201,11.064,11.313,11.008,68935.0,300137
2018-04-18,11.157,11.276,11.344,10.814,78629.0,300137
2018-04-19,11.382,11.643,11.693,11.276,145573.0,300137
2018-04-20,11.537,11.593,11.706,11.388,105793.0,300137
2018-04-23,11.687,11.176,11.768,11.076,121194.0,300137
2018-04-24,11.506,11.369,11.512,11.238,66766.0,300137
2018-04-25,11.238,11.861,12.017,11.238,155027.0,300137
2018-04-26,11.861,11.893,12.086,11.724,150811.0,300137
2018-04-27,11.918,12.048,12.086,11.787,111420.0,300137
2018-05-02,12.154,11.93,12.21,11.843,84381.0,300137
2018-05-03,11.93,11.656,11.93,11.406,109106.0,300137
2018-05-04,11.668,11.6,11.78,11.568,62469.0,300137
2018-05-07,11.625,11.986,11.999,11.625,96640.0,300137
2018-05-08,12.08,11.967,12.136,11.936,79028.0,300137
2018-05-09,11.936,12.373,12.397,11.861,165101.0,300137
2018-05-10,12.341,12.516,12.659,12.267,175593.0,300137
2018-05-11,12.522,12.136,12.522,12.123,109341.0,300137
2018-05-14,12.08,12.454,12.466,12.08,131713.0,300137
2018-05-15,12.466,12.485,12.684,12.385,159238.0,300137
2018-05-16,12.56,12.379,12.616,12.341,99341.0,300137
2018-05-17,12.503,12.51,12.709,12.285,131934.0,300137
2018-05-18,12.503,12.852,12.871,12.422,173098.0,300137
2018-05-21,13.027,12.46,13.089,12.441,324161.0,300137
2018-05-22,12.341,12.46,12.56,12.154,188387.0,300137
2018-05-23,12.329,12.242,12.429,12.217,91853.0,300137
2018-05-24,12.279,11.992,12.335,11.93,97807.0,300137
2018-05-25,12.055,11.805,12.154,11.78,68293.0,300137
2018-05-28,11.874,11.755,11.936,11.6,60205.0,300137
2018-05-29,11.824,11.631,11.905,11.606,61480.0,300137
2018-05-30,11.35,10.839,11.4,10.74,101425.0,300137
2018-05-31,11.026,11.008,11.107,10.926,47690.0,300137
2018-06-01,10.783,11.113,11.12,10.764,50370.0,300137
2018-06-04,11.357,11.145,11.357,11.138,41531.0,300137
2018-06-05,11.157,11.332,11.344,11.126,37599.0,300137
2018-06-06,11.313,11.213,11.357,11.176,37845.0,300137
2018-06-07,11.232,11.014,11.313,11.008,35030.0,300137
2018-06-08,11.095,10.789,11.095,10.727,42937.0,300137
2018-06-11,10.833,10.858,10.951,10.783,35747.0,300137
2018-06-12,10.789,11.051,11.145,10.789,49789.0,300137
2018-06-13,11.057,11.001,11.089,10.92,37798.0,300137
2018-06-14,11.157,10.864,11.195,10.833,50972.0,300137
2018-06-15,10.758,10.534,10.902,10.453,49065.0,300137
2018-06-19,10.284,9.568,10.384,9.48,85856.0,300137
2018-06-20,9.568,9.879,10.528,9.499,73798.0,300137
2018-06-21,9.879,9.599,10.098,9.599,59671.0,300137
2018-06-22,9.487,9.767,9.792,9.487,40069.0,300137
2018-06-25,9.942,9.879,10.01,9.817,44335.0,300137
2018-06-26,9.724,9.998,10.035,9.686,39604.0,300137
2018-06-27,10.016,9.848,10.016,9.829,33268.0,300137
2018-06-28,9.836,9.636,10.004,9.611,37275.0,300137
2018-06-29,9.643,9.96,9.973,9.643,48048.0,300137
2018-07-02,9.867,9.892,10.085,9.817,41414.0,300137
2018-07-03,9.923,10.098,10.129,9.911,61870.0,300137
2018-07-04,10.16,9.898,10.253,9.892,57424.0,300137
2018-07-05,9.929,9.568,10.029,9.568,50120.0,300137
2018-07-06,9.586,9.611,9.773,9.287,58108.0,300137
2018-07-09,9.661,9.854,9.867,9.661,47289.0,300137
2018-07-10,10.16,10.066,10.278,10.035,80866.0,300137
2018-07-11,9.992,9.854,10.01,9.717,67759.0,300137
2018-07-12,9.854,10.228,10.322,9.854,88241.0,300137
2018-07-13,10.222,10.309,10.39,10.116,79004.0,300137
2018-07-16,10.303,10.11,10.366,10.06,68609.0,300137
2018-07-17,10.12,10.14,10.17,10.0,60445.0,300137
2018-07-18,10.16,10.23,10.63,10.1,203930.0,300137
2018-07-19,10.28,10.27,10.48,10.13,116243.0,300137
2018-07-20,10.15,10.28,10.35,9.92,114767.0,300137
2018-07-23,10.27,10.38,10.45,10.14,121218.0,300137
2018-07-24,10.39,10.63,10.74,10.36,203422.0,300137
2018-07-25,10.71,10.55,10.78,10.51,96887.0,300137
2018-07-26,10.57,10.52,10.68,10.46,94990.0,300137
2018-07-27,10.46,10.31,10.47,10.31,90473.0,300137
2018-07-30,10.28,10.22,10.54,10.15,74890.0,300137
2018-07-31,10.26,10.37,10.4,10.21,66743.0,300137
2018-08-01,10.35,10.1,10.47,10.06,80836.0,300137
2018-08-02,10.0,9.43,10.04,9.3,139974.0,300137
2018-08-03,9.38,9.28,9.51,9.26,72325.0,300137
2018-08-06,9.35,9.24,9.43,9.2,67130.0,300137
2018-08-07,9.29,9.45,9.52,9.21,60987.0,300137
2018-08-08,9.45,9.35,9.62,9.34,70428.0,300137
2018-08-09,9.31,9.53,9.64,9.31,78361.0,300137
2018-08-10,9.5,9.55,9.6,9.47,46207.0,300137
2018-08-13,9.45,9.46,9.48,9.28,63327.0,300137
2018-08-14,9.44,9.36,9.51,9.34,47291.0,300137
2018-08-15,9.36,9.3,9.64,9.25,91267.0,300137
2018-08-16,8.37,8.37,8.37,8.37,24282.0,300137
2018-08-17,7.55,7.53,7.88,7.53,445891.0,300137
2018-08-20,7.28,6.93,7.36,6.78,395545.0,300137
2018-08-21,7.2,6.97,7.28,6.93,227207.0,300137
2018-08-22,7.03,7.05,7.22,6.93,143232.0,300137
2018-08-23,7.01,7.06,7.1,6.97,84958.0,300137
2018-08-24,7.08,7.2,7.29,7.04,146553.0,300137
2018-08-27,7.2,7.41,7.49,7.13,168884.0,300137
2018-08-28,7.4,7.44,7.57,7.34,100597.0,300137
2018-08-29,7.53,7.58,7.63,7.45,136174.0,300137
2018-08-30,7.62,7.32,7.62,7.27,121468.0,300137
2018-08-31,7.27,7.24,7.41,7.23,73605.0,300137
2018-09-03,7.29,7.46,7.5,7.29,121523.0,300137
2018-09-04,7.48,7.49,7.57,7.42,83453.0,300137
2018-09-05,7.54,7.31,7.56,7.31,75125.0,300137
2018-09-06,7.39,7.36,7.51,7.32,79327.0,300137
2018-09-07,7.4,7.48,7.55,7.34,112335.0,300137
2018-09-10,7.46,7.18,7.46,7.12,91737.0,300137
2018-09-11,7.24,7.36,7.44,7.24,93858.0,300137
2018-09-12,7.37,7.44,7.5,7.37,71543.0,300137
2018-09-13,7.56,7.46,7.56,7.35,70429.0,300137
2018-09-14,7.5,7.53,7.64,7.44,132840.0,300137
2018-09-17,7.59,7.35,7.59,7.28,81727.0,300137
2018-09-18,7.34,7.69,7.98,7.3,191454.0,300137
2018-09-19,7.63,7.67,7.86,7.59,141612.0,300137
2018-09-20,7.79,7.67,7.81,7.59,88198.0,300137
2018-09-21,7.73,7.69,7.74,7.59,87092.0,300137
2018-09-25,7.65,7.62,7.73,7.54,48174.0,300137
2018-09-26,7.64,7.64,7.72,7.6,91757.0,300137
2018-09-27,7.61,7.43,7.73,7.43,90832.0,300137
2018-09-28,7.45,7.61,7.68,7.44,78282.0,300137
2018-10-08,7.48,7.19,7.54,7.16,88776.0,300137
2018-10-09,7.77,7.35,7.91,7.27,116448.0,300137
2018-10-10,7.56,7.68,7.84,7.48,230852.0,300137
2018-10-11,7.35,7.28,7.5,7.05,170729.0,300137
2018-10-12,7.25,7.28,7.37,6.97,133099.0,300137
2018-10-15,7.31,7.29,7.48,7.24,91532.0,300137
2018-10-16,7.26,6.98,7.32,6.92,109884.0,300137
2018-10-17,7.08,6.69,7.1,6.32,158461.0,300137
2018-10-18,6.58,6.35,6.58,6.3,123950.0,300137
2018-10-19,6.23,6.5,6.54,6.23,92087.0,300137
2018-10-22,6.6,7.04,7.15,6.6,215575.0,300137
2018-10-23,7.33,7.14,7.44,7.05,258813.0,300137
2018-10-24,7.07,7.12,7.28,7.07,117478.0,300137
2018-10-25,6.86,7.12,7.17,6.8,105896.0,300137
2018-10-26,7.18,7.08,7.3,7.03,87994.0,300137
2018-10-29,7.14,7.12,7.27,7.05,84687.0,300137
2018-10-30,7.16,7.27,7.35,7.09,111976.0,300137
2018-10-31,7.31,7.41,7.54,7.27,111777.0,300137
2018-11-01,7.5,7.55,7.76,7.46,158089.0,300137
2018-11-02,7.72,7.89,7.94,7.69,180693.0,300137
2018-11-05,7.87,8.22,8.6,7.81,262970.0,300137
2018-11-06,8.14,8.26,8.29,8.03,119108.0,300137
2018-11-07,8.22,8.13,8.31,8.06,117671.0,300137
2018-11-08,8.21,8.06,8.24,8.05,81306.0,300137
2018-11-09,8.05,7.98,8.14,7.96,78906.0,300137
2018-11-12,8.02,8.37,8.42,8.02,185460.0,300137
2018-11-13,8.24,8.45,8.54,8.2,173797.0,300137
2018-11-14,8.5,8.31,8.5,8.27,121565.0,300137
2018-11-15,8.31,8.4,8.4,8.24,89522.0,300137
2018-11-16,8.42,8.38,8.53,8.35,133934.0,300137
2018-11-19,8.34,9.22,9.22,8.23,407397.0,300137
2018-11-20,9.22,8.76,9.65,8.7,492657.0,300137
2018-11-21,8.45,8.76,8.92,8.2,250581.0,300137
2018-11-22,8.67,8.6,8.88,8.55,114579.0,300137
2018-11-23,8.62,8.21,8.75,8.16,173263.0,300137
2018-11-26,8.2,8.3,8.6,8.15,145090.0,300137
2018-11-27,8.33,8.2,8.45,8.12,122795.0,300137
2018-11-28,8.2,8.28,8.36,8.05,89757.0,300137
2018-11-29,8.34,8.2,8.5,8.2,122340.0,300137
2018-11-30,8.15,8.25,8.27,8.01,98946.0,300137
2018-12-03,8.5,8.54,8.66,8.42,120805.0,300137
2018-12-04,8.53,8.81,8.97,8.47,197896.0,300137
2018-12-05,8.62,9.08,9.19,8.58,279639.0,300137
2018-12-06,8.98,8.9,9.25,8.83,204906.0,300137
2018-12-07,9.0,9.2,9.24,8.91,206970.0,300137
2018-12-10,9.06,8.84,9.11,8.75,156426.0,300137
2018-12-11,8.92,8.88,8.99,8.79,77520.0,300137
2018-12-12,8.99,8.92,9.17,8.89,85090.0,300137
2018-12-13,8.93,9.05,9.13,8.9,96428.0,300137
2018-12-14,9.14,9.02,9.46,8.94,233336.0,300137
2018-12-17,8.92,8.85,9.08,8.53,205100.0,300137
2018-12-18,8.84,8.57,8.87,8.54,116363.0,300137
2018-12-19,8.59,8.45,8.66,8.38,71104.0,300137
2018-12-20,8.46,8.56,8.57,8.38,59391.0,300137
2018-12-21,8.49,8.4,8.53,8.3,68847.0,300137
2018-12-24,8.38,8.34,8.47,8.29,60586.0,300137
2018-12-25,8.27,8.16,8.27,7.96,110625.0,300137
2018-12-26,8.22,8.3,8.36,8.14,84444.0,300137
2018-12-27,8.44,8.09,8.45,8.05,87515.0,300137
2018-12-28,8.15,8.15,8.2,7.94,89005.0,300137
2019-01-02,8.25,8.19,8.43,8.14,98003.0,300137
2019-01-03,8.23,7.98,8.29,7.98,89156.0,300137
2019-01-04,7.88,8.15,8.18,7.8,87183.0,300137
2019-01-07,8.22,8.31,8.34,8.17,87190.0,300137
2019-01-08,8.31,8.2,8.31,8.15,65205.0,300137
2019-01-09,8.2,8.25,8.33,8.16,76053.0,300137
2019-01-10,8.23,8.27,8.44,8.18,99048.0,300137
2019-01-11,8.27,8.28,8.35,8.09,97796.0,300137
2019-01-14,8.21,8.2,8.3,8.16,42533.0,300137
2019-01-15,8.19,8.43,8.44,8.15,103987.0,300137
2019-01-16,8.43,8.48,8.72,8.29,215072.0,300137
2019-01-17,8.37,8.22,8.39,8.2,101424.0,300137
2019-01-18,8.19,8.22,8.26,8.13,62247.0,300137
2019-01-21,8.22,8.21,8.31,8.17,61929.0,300137
2019-01-22,8.2,8.03,8.22,8.02,68163.0,300137
2019-01-23,8.07,8.06,8.15,8.03,56828.0,300137
2019-01-24,8.06,8.09,8.11,8.02,47186.0,300137
2019-01-25,8.19,8.19,8.28,8.16,115466.0,300137
